{
  "discount_factors": {
    "0.5":  0.9826,
    "1.0":  0.9651,
    "1.5":  0.9478,
    "2.0":  0.9305,
    "3.0":  0.8966,
    "5.0":  0.8300,
    "7.0":  0.7680,
    "10.0": 0.6900
  },
  "caplets": {
    "strike": 0.035,
    "frequency": 0.5,
    "expiries_T2": [1.0, 2.0, 3.0, 5.0, 7.0],
    "market_prices": [0.00167868, 0.00274780, 0.00326173, 0.00406101, 0.00423599]
  },
  "swaptions": [
    {"expiry": 1.0, "tenor": 5.0, "frequency": 0.5, "description": "1Yx5Y"},
    {"expiry": 2.0, "tenor": 3.0, "frequency": 0.5, "description": "2Yx3Y"},
    {"expiry": 5.0, "tenor": 5.0, "frequency": 0.5, "description": "5Yx5Y"}
  ],
  "tree": {
    "steps_per_year": 12,
    "max_maturity": 10.5
  }
}
